study_case;scenario;building;consumption_total_kwh;pv_generation_total_kwh;pv_used_directly_kwh;battery_capacity_kwh;battery_initial_soc_kwh;battery_final_soc_kwh;battery_min_soc_kwh;battery_charge_input_total_kwh;battery_charge_total_kwh;battery_discharge_total_kwh;battery_losses_total_kwh;grid_import_total_kwh;grid_export_total_kwh;peak_grid_import_kw;avg_battery_soc_kwh;energy_purchase_cost_eur;export_revenue_eur;energy_cost_eur;terminal_soc_difference_kwh;pv_self_consumption_kwh;pv_self_consumption_rate_pct
Caso base;Sin control;Edificio A;45,22;26,4;17,27;10,0;2,0;2,0;2,0;0,0;0,0;0,0;0,0;27,95;9,13;3,51;2,0;6,04;0,57;5,47;0,0;17,27;65,42
Caso base;Sin control;Edificio B;44,51;26,4;17,62;8,0;1,6;1,6;1,6;0,0;0,0;0,0;0,0;26,89;8,78;3,39;1,6;5,87;0,55;5,31;0,0;17,62;66,74
Caso base;Reglas;Edificio A;45,22;26,4;17,27;10,0;2,0;2,0;2,0;8,42;8,0;7,6;0,82;20,35;0,71;2,63;3,99;3,92;0,05;3,86;0,0;25,69;97,32
Caso base;Reglas;Edificio B;44,51;26,4;17,62;8,0;1,6;1,6;1,6;6,74;6,4;6,08;0,66;20,81;2,04;3,12;3,2;4,16;0,14;4,03;0,0;24,36;92,26
Caso base;Reglas + decision avanzada;Edificio A;45,22;26,4;17,27;10,0;2,0;2,0;2,0;8,42;8,0;7,6;0,82;20,35;0,71;2,63;3,99;3,92;0,05;3,86;0,0;25,69;97,32
Caso base;Reglas + decision avanzada;Edificio B;44,51;26,4;17,62;8,0;1,6;1,6;1,6;6,74;6,4;6,08;0,66;20,81;2,04;3,12;3,2;4,16;0,14;4,03;0,0;24,36;92,26
Alta demanda;Sin control;Edificio A;54,26;26,4;19,89;10,0;2,0;2,0;2,0;0,0;0,0;0,0;0,0;34,37;6,51;4,21;2,0;7,45;0,4;7,05;0,0;19,89;75,33
Alta demanda;Sin control;Edificio B;53,41;26,4;20,3;8,0;1,6;1,6;1,6;0,0;0,0;0,0;0,0;33,1;6,1;4,07;1,6;7,23;0,37;6,86;0,0;20,3;76,91
Alta demanda;Reglas;Edificio A;54,26;26,4;19,89;10,0;2,0;2,0;2,0;6,51;6,19;5,88;0,64;28,5;0,0;3,94;3,35;5,84;0,0;5,84;0,0;26,4;100,0
Alta demanda;Reglas;Edificio B;53,41;26,4;20,3;8,0;1,6;1,6;1,6;6,1;5,79;5,5;0,59;27,6;0,0;3,84;2,86;5,73;0,0;5,73;0,0;26,4;100,0
Alta demanda;Reglas + decision avanzada;Edificio A;54,26;26,4;19,89;10,0;2,0;2,0;2,0;6,51;6,19;5,88;0,64;28,5;0,0;3,94;3,35;5,84;0,0;5,84;0,0;26,4;100,0
Alta demanda;Reglas + decision avanzada;Edificio B;53,41;26,4;20,3;8,0;1,6;1,6;1,6;6,1;5,79;5,5;0,59;27,6;0,0;3,84;2,86;5,73;0,0;5,73;0,0;26,4;100,0
Baja irradiacion;Sin control;Edificio A;45,22;17,16;14,91;10,0;2,0;2,0;2,0;0,0;0,0;0,0;0,0;30,31;2,25;3,51;2,0;6,56;0,13;6,43;0,0;14,91;86,88
Baja irradiacion;Sin control;Edificio B;44,51;17,16;15,37;8,0;1,6;1,6;1,6;0,0;0,0;0,0;0,0;29,14;1,79;3,39;1,6;6,36;0,11;6,25;0,0;15,37;89,57
Baja irradiacion;Reglas;Edificio A;45,22;17,16;14,91;10,0;2,0;2,0;2,0;2,25;2,14;2,03;0,22;28,28;0,0;3,51;2,42;6,06;0,0;6,06;0,0;17,16;100,0
Baja irradiacion;Reglas;Edificio B;44,51;17,16;15,37;8,0;1,6;1,6;1,6;1,79;1,7;1,62;0,17;27,52;0,0;3,39;1,91;5,98;0,0;5,98;0,0;17,16;100,0
Baja irradiacion;Reglas + decision avanzada;Edificio A;45,22;17,16;14,91;10,0;2,0;2,0;2,0;2,25;2,14;2,03;0,22;28,28;0,0;3,51;2,42;6,06;0,0;6,06;0,0;17,16;100,0
Baja irradiacion;Reglas + decision avanzada;Edificio B;44,51;17,16;15,37;8,0;1,6;1,6;1,6;1,79;1,7;1,62;0,17;27,52;0,0;3,39;1,91;5,98;0,0;5,98;0,0;17,16;100,0
Precios elevados;Sin control;Edificio A;45,22;26,4;17,27;10,0;2,0;2,0;2,0;0,0;0,0;0,0;0,0;27,95;9,13;3,51;2,0;7,55;0,72;6,84;0,0;17,27;65,42
Precios elevados;Sin control;Edificio B;44,51;26,4;17,62;8,0;1,6;1,6;1,6;0,0;0,0;0,0;0,0;26,89;8,78;3,39;1,6;7,33;0,69;6,64;0,0;17,62;66,74
Precios elevados;Reglas;Edificio A;45,22;26,4;17,27;10,0;2,0;2,0;2,0;8,42;8,0;7,6;0,82;20,35;0,71;2,63;3,99;4,89;0,07;4,83;0,0;25,69;97,32
Precios elevados;Reglas;Edificio B;44,51;26,4;17,62;8,0;1,6;1,6;1,6;6,74;6,4;6,08;0,66;20,81;2,04;3,12;3,2;5,2;0,17;5,03;0,0;24,36;92,26
Precios elevados;Reglas + decision avanzada;Edificio A;45,22;26,4;17,27;10,0;2,0;2,0;2,0;8,42;8,0;7,6;0,82;20,35;0,71;2,63;3,99;4,89;0,07;4,83;0,0;25,69;97,32
Precios elevados;Reglas + decision avanzada;Edificio B;44,51;26,4;17,62;8,0;1,6;1,6;1,6;6,74;6,4;6,08;0,66;20,81;2,04;3,12;3,2;5,2;0,17;5,03;0,0;24,36;92,26
Bateria ampliada;Sin control;Edificio A;45,22;26,4;17,27;15,0;3,0;3,0;3,0;0,0;0,0;0,0;0,0;27,95;9,13;3,51;3,0;6,04;0,57;5,47;0,0;17,27;65,42
Bateria ampliada;Sin control;Edificio B;44,51;26,4;17,62;12,0;2,4;2,4;2,4;0,0;0,0;0,0;0,0;26,89;8,78;3,39;2,4;5,87;0,55;5,31;0,0;17,62;66,74
Bateria ampliada;Reglas;Edificio A;45,22;26,4;17,27;15,0;3,0;3,0;3,0;9,13;8,67;8,24;0,89;19,71;0,0;2,63;5,08;3,73;0,0;3,73;0,0;26,4;100,0
Bateria ampliada;Reglas;Edificio B;44,51;26,4;17,62;12,0;2,4;2,4;2,4;8,78;8,34;7,92;0,86;18,96;0,0;2,67;4,36;3,64;0,0;3,64;0,0;26,4;100,0
Bateria ampliada;Reglas + decision avanzada;Edificio A;45,22;26,4;17,27;15,0;3,0;3,0;3,0;9,13;8,67;8,24;0,89;19,71;0,0;2,63;5,08;3,73;0,0;3,73;0,0;26,4;100,0
Bateria ampliada;Reglas + decision avanzada;Edificio B;44,51;26,4;17,62;12,0;2,4;2,4;2,4;8,78;8,34;7,92;0,86;18,96;0,0;2,67;4,36;3,64;0,0;3,64;0,0;26,4;100,0
Estres combinado;Sin control;Edificio A;54,26;19,8;17,52;10,0;2,0;2,0;2,0;0,0;0,0;0,0;0,0;36,74;2,28;4,21;2,0;9,53;0,16;9,37;0,0;17,52;88,47
Estres combinado;Sin control;Edificio B;53,41;19,8;18,09;8,0;1,6;1,6;1,6;0,0;0,0;0,0;0,0;35,32;1,71;4,07;1,6;9,24;0,12;9,12;0,0;18,09;91,38
Estres combinado;Reglas;Edificio A;54,26;19,8;17,52;10,0;2,0;2,0;2,0;2,28;2,17;2,06;0,22;34,68;0,0;4,21;2,35;9,0;0,0;9,0;0,0;19,8;100,0
Estres combinado;Reglas;Edificio B;53,41;19,8;18,09;8,0;1,6;1,6;1,6;1,71;1,62;1,54;0,17;33,77;0,0;4,07;1,84;8,85;0,0;8,85;0,0;19,8;100,0
Estres combinado;Reglas + decision avanzada;Edificio A;54,26;19,8;17,52;10,0;2,0;2,0;2,0;2,28;2,17;2,06;0,22;34,68;0,0;4,21;2,41;8,94;0,0;8,94;0,0;19,8;100,0
Estres combinado;Reglas + decision avanzada;Edificio B;53,41;19,8;18,09;8,0;1,6;1,6;1,6;1,71;1,62;1,54;0,17;33,77;0,0;4,07;1,88;8,82;0,0;8,82;0,0;19,8;100,0
